type,targetIndex,title,desc,file_main,file_sub,audio_desc,video_id
image,0,Đ/C NGUYỄN PHAN VINH,Sinh năm: 1933; Mất năm: 1968; Anh hùng Lực lượng vũ trang nhân dân; sĩ quan Hải quân Nhân dân Việt Nam...,,,thuyetminh1.mp3,
webm-overlay,1,,,bang moc son lich su.webm,,,video1
webm-overlay,2,,,thanh tich.webm,,,video2
image,3,THƯỢNG TÁ PHẠM NGỌC SỨC - CHỈ HUY TRƯỞNG ĐẦU TIÊN (1990-2003),Đồng chí Thượng tá Phạm Ngọc Sức là người cán bộ chỉ huy cao nhất đầu tiên của Trung tâm Bảo đảm Kỹ thuật 354 đã gắn bó và cống hiến tâm sức trong suốt 13 năm liên tục từ ngày đầu thành lập Tiểu đoàn năm 1990 đến khi hoàn thành nhiệm vụ năm 2003 trực tiếp lãnh đạo đơn vị vượt qua giai đoạn khó khăn nhất về cơ sở vật chất để xây dựng nền móng vững chắc cho sự phát triển lớn mạnh và chính quy của Trung tâm ngày nay.,,,phamngocsuc.mp3,
video,4,CHIẾN DỊCH QUANG TRUNG THẦN TỐC,Bức ảnh tư liệu chụp ngày 19 tháng 12 năm 2015 ghi lại hoạt động của cán bộ chiến sĩ đơn vị trong chiến dịch Quang Trung thần tốc tại tỉnh Gia Lai trực tiếp tham gia xây dựng lại nhà ở cho đồng bào bị thiệt hại nặng nề do bão lũ tàn phá góp phần giúp nhân dân sớm ổn định cuộc sống.,quang trung.mp4,,quangtrung.mp3,video4
model,5,MÁY ẢNH ARYKA 608,Thiết bị ghi hình quang học cơ khí ARYKA 608 là khí tài nghiệp vụ chuyên dụng được biên chế chính thức cho lực lượng cán bộ ban chính trị và đội ngũ nhân viên kỹ thuật các trạm lẻ thuộc Trung tâm Bảo đảm Kỹ thuật 354 khai thác vận hành liên tục trong chu kỳ 17 năm từ năm 1990 đến năm 2007 với kết cấu buồng tối nhỏ gọn hoạt động bền bỉ trong điều kiện môi trường dã chiến nhằm thực hiện chức năng thu thập xử lý dữ liệu hình ảnh phục vụ công tác tuyên huấn và lưu trữ hồ sơ kỹ thuật vũ khí trang bị.,01mayanh.glb,,01mayanh.mp3,
model,6,CƠ CẤU NGẮM CƠ KHÍ (SÚNG MÁY 12.7mm),Đây là cụm chi tiết thước ngắm cơ khí đường ngắm hở chuyên dụng được tháo rời từ tổ hợp súng máy phòng không 12.7mm biên chế cho các khẩu đội trực chiến thuộc Đại đội Vệ binh và các kíp tàu chiến đấu thực hiện nhiệm vụ ngắm bắn mục tiêu trên không hoặc mục tiêu mặt nước cự ly gần với độ chính xác cao trong đợt huấn luyện bắn đạn thật năm 2008 nhằm kiểm tra khả năng sẵn sàng chiến đấu bảo vệ đơn vị trước các tình huống tập kích đường không.,03sung12ly7.glb,,03sung12ly7.mp3,
model,7,BỘ TIỂU PHẪU Y TẾ,Hộp đựng dụng cụ phẫu thuật cỡ nhỏ được chế tạo từ vật liệu kim loại chịu nhiệt chuyên dụng trong y tế dã chiến do lực lượng quân y đơn vị trực tiếp quản lý khai thác sử dụng liên tục suốt giai đoạn từ tháng 12 năm 1990 phục vụ công tác sơ cấp cứu điều trị ngoại khoa ban đầu cho hàng trăm lượt cán bộ chiến sĩ tại các trạm lẻ và khu vực đóng quân phân tán góp phần quan trọng duy trì tỷ lệ quân số khỏe tham gia huấn luyện sẵn sàng chiến đấu trong điều kiện cơ sở vật chất y tế còn nhiều thiếu thốn.,02botieuphau.glb,,02botieuphau.mp3,
model,8,XE ZIL131,Dòng xe vận tải chuyên dụng hạng nặng được đội ngũ lái xe thuộc Tiểu đoàn Bảo đảm Kỹ thuật 354 sử dụng liên tục với cường độ cao trong chiến dịch BM-94 vào năm 1994 nhằm cơ động vận chuyển khẩn cấp các quả tên lửa từ trạm kỹ thuật ra cầu cảng bàn giao kịp thời cho các biên đội tàu chiến đấu làm nhiệm vụ bảo vệ chủ quyền biển đảo và thềm lục địa thiêng liêng của Tổ quốc trước các hoạt động xâm lấn của nước ngoài.,05zil131.glb,,05zil131.mp3,
